codane,nombre,departamento,municipio,naturaleza,ubicacion,genero,punt_total_lectura,punt_total_matematicas,punt_total_naturales,punt_total_sociales,punt_total_ingles,punt_total_global
411769000895,LIC BOSTON,11,11001,NO OFICIAL,URBANO,MIXTO,60.733333333333334,59.65,56.11666666666667,54.06666666666667,75.76666666666667,295.1166666666667
311001100993,COLEGIO ARCA INTERNACIONAL BILINGÜE - SEDE PRINCIPAL,11,11001,NO OFICIAL,URBANO,MIXTO,60.2,63.8,58,61.2,77.6,310.2
308001074789,AMERICAN SCHOOL,8,8573,NO OFICIAL,URBANO,MIXTO,57.76923076923077,54.61538461538461,55.30769230769231,51.69230769230769,76.6923076923077,282.53846153846155
376001043234,TERRA INSTITUTI - SEDE PRINCIPAL,76,76001,NO OFICIAL,URBANO,MIXTO,46.38461538461539,39.23076923076923,39,36.69230769230769,35.76923076923077,199.84615384615384
366001004926,COL LIC FRANCES DE PEREIRA,66,66001,NO OFICIAL,RURAL,MIXTO,68.4390243902439,68.58536585365853,65.60975609756098,64.41463414634147,78.7560975609756,338.4390243902439
376001041523,LICEO MAYOR TECNICO DEL VALLE,76,76001,NO OFICIAL,URBANO,MIXTO,49.111111111111114,47.666666666666664,42.44444444444444,44,39.44444444444444,226.44444444444446
376520005862,LIC CAMPESTRE CRECER,76,76520,NO OFICIAL,URBANO,MIXTO,64.1,63.9,63.4,59.6,73.1,317.7
347001051105,COLEGIO BURECHE,47,47001,NO OFICIAL,URBANO,MIXTO,65.61363636363636,66.25,62.27272727272727,64.77272727272727,83.27272727272727,330.8181818181818
376001015923,COLEGIO SAN JOSÉ,76,76001,NO OFICIAL,URBANO,FEMENINO,60.86666666666667,58.666666666666664,57.333333333333336,54.86666666666667,64.4,292.1333333333333
308001101153,COLEGIO BRITANICO INTERNACIONAL,8,8573,NO OFICIAL,URBANO,MIXTO,64.41666666666667,68.06944444444444,65.73611111111111,63.34722222222222,82.91666666666667,333.72222222222223
376520000208,HERMANAS BETHLEMITAS PROV. DEL SAGRADO CORAZON DE JESUS,76,76520,NO OFICIAL,URBANO,FEMENINO,68.60606060606061,68.15151515151516,65.27272727272727,66.84848484848484,73.54545454545455,338.6363636363636
425126047909,COL DAVID EISENHOWER,25,25126,NO OFICIAL,RURAL,MIXTO,41,49,43.5,41.5,70,221
305001003688,COLEGIO CRISTOBAL COLON THE COLUMBUS SCHOOL,5,5266,NO OFICIAL,RURAL,MIXTO,61.65151515151515,66.12121212121212,59.666666666666664,57.74242424242424,83.31818181818181,314.95454545454544
305001015503,COLEGIO LEONARDO DA VINCI,5,5266,NO OFICIAL,URBANO,MIXTO,71.66666666666667,74.33333333333333,70.33333333333333,71.66666666666667,86,365.5
376001022580,LICEO NUESTRA SEÑORA DE LOURDES,76,76001,NO OFICIAL,URBANO,MIXTO,54.125,53.875,53.25,53.375,54.875,268.75
376892000042,COL JEFFERSON,76,76892,NO OFICIAL,RURAL,MIXTO,63.96551724137931,66.13793103448276,62.44827586206897,62.58620689655172,81.44827586206897,325.67241379310343
376001002082,COLEGIO MARIA AUXILIADORA,76,76001,NO OFICIAL,URBANO,FEMENINO,60.5,55.5,50.42857142857143,52.714285714285715,64.78571428571429,277.85714285714283
376147000103,LA PRESENTACIÓN,76,76147,NO OFICIAL,URBANO,MIXTO,62.1764705882353,62.205882352941174,58.85294117647059,57.088235294117645,69.11764705882354,304
476520007207,COLEGIO MILITAR ALMIRANTE COLON - SEDE PRINCIPAL,76,76520,NO OFICIAL,URBANO,MIXTO,52.645833333333336,51.854166666666664,52.020833333333336,49.6875,53.729166666666664,258.5208333333333
376001005626,COL COOMEVA,76,76001,NO OFICIAL,URBANO,MIXTO,58.91228070175438,54.89473684210526,51.07017543859649,51.73684210526316,63,274.12280701754383
320001791847,COLEGIO INTERNACIONAL LA SIERRA - SEDE PRINCIPAL,20,20001,NO OFICIAL,URBANO,MIXTO,64.92307692307692,60.30769230769231,55.84615384615385,57.69230769230769,77.3076923076923,305.2307692307692
376001042149,COLEGIO CENTRAL DE COMERCIO SAS,76,76001,NO OFICIAL,URBANO,MIXTO,53.45454545454545,45.90909090909091,50,48,46.45454545454545,245.54545454545453
376001030302,COLEGIO ANGLO AMERICANO,76,76001,NO OFICIAL,URBANO,MIXTO,61.285714285714285,63.357142857142854,60.57142857142857,59,76.71428571428571,311.2857142857143
376001042050,INSTITUTO ANDRES BELLO COLOMBO AMERICANO,76,76001,NO OFICIAL,URBANO,MIXTO,45.86666666666667,44.4,42.733333333333334,43.666666666666664,45.4,221.26666666666668
476001029953,COLEGIO LA ARBOLEDA - SEDE PRINCIPAL,76,76001,NO OFICIAL,URBANO,MIXTO,66.06818181818181,64.8409090909091,64.04545454545455,62.40909090909091,79.70454545454545,327.59090909090907
476892100092,COORPORACION EDUCATIVA NISI SCHOOL - SEDE PRINCIPAL,76,76892,NO OFICIAL,RURAL,MIXTO,54.285714285714285,50.142857142857146,46.714285714285715,43.857142857142854,55.714285714285715,246.28571428571428
376111000280,LIC DE LOS ANDES,76,76111,NO OFICIAL,URBANO,MIXTO,65.64516129032258,63.806451612903224,61.70967741935484,57.903225806451616,71.6774193548387,314.96774193548384
376001016806,LICEO SUPERIOR JUAN PABLO II - SEDE PRINCIPAL,76,76001,NO OFICIAL,URBANO,MIXTO,58.26086956521739,57.04347826086956,57.130434782608695,52.82608695652174,59.26086956521739,282.7826086956522
311001046816,COLEGIO BILINGÜE MAXIMILIANO KOLBE - SEDE PRINCIPAL,25,25214,NO OFICIAL,RURAL,MIXTO,67.25,66.29166666666667,65.45833333333333,63.958333333333336,79.70833333333333,334.0416666666667
325175032432,COLEGIO AGUSTIN NIETO CABALLERO - SEDE PRINCIPAL,25,25175,NO OFICIAL,URBANO,MIXTO,62.8235294117647,61.88235294117647,59.64705882352941,60.35294117647059,75,311.05882352941177
311769003342,COL LOS NOGALES,11,11001,NO OFICIAL,URBANO,MIXTO,69.61666666666666,75.85,69.11666666666666,68.68333333333334,88.91666666666667,360.96666666666664
376001001116,COLEGIO AMERICANO,76,76001,NO OFICIAL,URBANO,MIXTO,59.91538461538462,59.52307692307692,57.2,56.26923076923077,66.7,294.4076923076923
376001013441,COLEGIO BILINGUE DIANA OESE,76,76001,NO OFICIAL,RURAL,MIXTO,76.92682926829268,79.2439024390244,76.07317073170732,73.3170731707317,83.58536585365853,384.7317073170732
376001009168,COLEGIO CENTRO DE ARTE JUVENILIA,76,76001,NO OFICIAL,URBANO,MIXTO,58.588235294117645,56.35294117647059,53.470588235294116,56.23529411764706,69.17647058823529,285.8235294117647
411769000101,COLEGIO SAN VIATOR BILINGUE INTERNACIONAL,11,11001,NO OFICIAL,RURAL,MASCULINO,62.78313253012048,63.6144578313253,58.7710843373494,57.855421686746986,73,308.50602409638554
425175032208,COLEGIO INTERNACIONAL SEK COLOMBIA - TRINIDAD DEL  MONTE,25,25175,NO OFICIAL,RURAL,FEMENINO,66.8125,65.25,61.125,62.0625,79.375,325
376001026925,COMFANDI MIRAFLORES,76,76001,NO OFICIAL,URBANO,MIXTO,59.055045871559635,56.908256880733944,54.055045871559635,52.71559633027523,61.74311926605505,280.7155963302752
376001031007,"INST SER INTERNACIONAL, COMUNA 17",76,76001,NO OFICIAL,URBANO,MIXTO,50.03125,47.96875,44.21875,41.5625,48.0625,230.53125
320001002753,COL. FUND.   BILING . DE VALLEDUPAR,20,20001,NO OFICIAL,URBANO,MIXTO,67.56666666666666,68.53333333333333,64.8,67.43333333333334,80.36666666666666,340.43333333333334
376001016750,JARDÍN TIA NORA Y LICEO LOS ALPES,76,76001,NO OFICIAL,URBANO,MIXTO,65.61111111111111,68.22222222222223,66.05555555555556,63.77777777777778,76.38888888888889,333.72222222222223
308001011353,COLEGIO ANGLOCOLOMBIA,8,8573,NO OFICIAL,URBANO,MIXTO,65.64285714285714,62.42857142857143,63.285714285714285,61.57142857142857,78.35714285714286,322.07142857142856
463190000443,GIMN INGLES,63,63690,NO OFICIAL,RURAL,MIXTO,70.55263157894737,71.13157894736842,65.86842105263158,69.36842105263158,86.05263157894737,352.57894736842104
376111001146,COL SANTA TERESITA,76,76111,NO OFICIAL,URBANO,MIXTO,57.21052631578947,55.473684210526315,53,53.89473684210526,58.526315789473685,275.8157894736842
425377800037,COLEGIO LA COLINA - SEDE PRINCIPAL,25,25377,NO OFICIAL,URBANO,MIXTO,72.5909090909091,71.0909090909091,69.0909090909091,67.5,82.54545454545455,355.1818181818182
425799000459,GIMN CAMP SAN RAFAEL,25,25799,NO OFICIAL,RURAL,MIXTO,64.5625,65.59375,62.90625,61.6875,80.1875,324.84375
376001041761,COLEGIO SANTA ISABEL DE HUNGRIA - CIUDAD 2000,76,76001,NO OFICIAL,URBANO,MIXTO,61.03225806451613,57.75268817204301,58.333333333333336,55.8494623655914,63.784946236559136,293.3763440860215
376520005145,LIC AVANCEMOS,76,76520,NO OFICIAL,URBANO,MIXTO,57.60377358490566,57.41509433962264,55.60377358490566,50.528301886792455,59.15094339622642,277.8867924528302
405607000476,COLEGIO GIMNASIO VERMONT,5,5607,NO OFICIAL,RURAL,MIXTO,64.29629629629629,67.44444444444444,64.07407407407408,63.333333333333336,85.48148148148148,331.85185185185185
319001000051,COLTECNICO COMFACAUCA,19,19001,NO OFICIAL,URBANO,MIXTO,58.32608695652174,59.369565217391305,56.5,55.76086956521739,61.52173913043478,289.0652173913044
366001003814,COL FUNDACION LIC INGLES,66,66001,NO OFICIAL,RURAL,MIXTO,69.03846153846153,66.96153846153847,65.26923076923077,65,84.76923076923077,339.8076923076923
376001019201,INST CIAL ARQUIDIOCESANO,76,76001,NO OFICIAL,URBANO,MIXTO,55.2,54.2,53.68571428571428,52.2,56.03125,269.6
376001800388,INSTITUTO ESTANISLAO ZULETA - SEDE PRINCIPAL,76,76001,NO OFICIAL,URBANO,MIXTO,33,35.5,36,31.5,27.5,167.5
308001074771,COLEGIO HEBREO UNION - SEDE PRINCIPAL,8,8001,NO OFICIAL,URBANO,MIXTO,65.05882352941177,65.17647058823529,58.88235294117647,59.76470588235294,83.3529411764706,319.29411764705884
376001005596,COL NTRA SRA DE LA ANUNCIACION,76,76001,NO OFICIAL,URBANO,FEMENINO,60.88135593220339,58.355932203389834,57.03389830508475,55.13559322033898,59.74576271186441,289.96610169491527
376248000996,COLEGIO RAFAEL POMBO - SEDE PRINCIPAL,76,76248,NO OFICIAL,URBANO,MIXTO,57.07142857142857,53.357142857142854,53.357142857142854,51.285714285714285,55.857142857142854,269.57142857142856
376001041018,COLEGIO MAYOR SAN ANTONIO DE PADUA,76,76001,NO OFICIAL,URBANO,MIXTO,54.2962962962963,53,49.629629629629626,48.25925925925926,59.30769230769231,259.22222222222223
311001105375,COL  MONTESSORI BRITISH SCHOOL,11,11001,NO OFICIAL,URBANO,MIXTO,69.06521739130434,73.34782608695652,67.08695652173913,67.21739130434783,84.32608695652173,351.7826086956522
376520000216,SEM DE CRISTO SACERDOTE,76,76520,NO OFICIAL,URBANO,MASCULINO,64.45161290322581,62.83870967741935,61.32258064516129,62.193548387096776,69.12903225806451,316
311848000278,GIMN VERMONT,11,11001,NO OFICIAL,URBANO,MIXTO,70.64473684210526,73.23684210526316,69.64473684210526,68.52631578947368,84.17105263157895,357.82894736842104
425758800009,COLEGIO CAMPOALEGRE,25,25758,NO OFICIAL,RURAL,MIXTO,72.72727272727273,73.0909090909091,67.72727272727273,70.36363636363636,83.81818181818181,359.90909090909093
313836000348,ASPAEN GIMNASIO CARTAGENA DE INDIAS,13,13001,NO OFICIAL,RURAL,FEMENINO,67.0909090909091,67.75757575757575,67.12121212121212,65.27272727272727,82.42424242424242,340.06060606060606
376147000049,INSTITUCIÓN EDUCATIVA SAN PEDRO CLAVER,76,76147,NO OFICIAL,URBANO,MIXTO,50.214285714285715,50.285714285714285,46.642857142857146,42.714285714285715,54.69230769230769,239.35714285714286
308001007615,COLEGIO LYNDON B. JOHNSON - SEDE PRINCIPAL,8,8001,NO OFICIAL,URBANO,MIXTO,59.84615384615385,56.666666666666664,54.35897435897436,54.8974358974359,76.53846153846153,290
311769000921,COL HELVETIA,11,11001,NO OFICIAL,URBANO,MIXTO,69.79310344827586,69.44827586206897,65.03448275862068,65.48275862068965,80.96551724137932,342.37931034482756
376892001332,INST EDUC GAIA,76,76892,NO OFICIAL,URBANO,MIXTO,38,44,47,28,56,203
376001000586,COLEGIO SAN PEDRO CLAVER,76,76001,NO OFICIAL,URBANO,MIXTO,59.23728813559322,56.94915254237288,56.66101694915254,55.779661016949156,61.14035087719298,286.9830508474576
311769003474,COL ANDINO,11,11001,NO OFICIAL,URBANO,MIXTO,66.68085106382979,69.12765957446808,64.19148936170212,65.40425531914893,81.46808510638297,337.5425531914894
376001013157,ASPAEN COLEGIO JUANAMBÚ - SEDE PRINCIPAL,76,76001,NO OFICIAL,URBANO,MASCULINO,65.6875,67.6875,62.5625,61.6875,78.3125,327.4375
376001037650,COL BILINGÜE LANCASTER,76,76001,NO OFICIAL,URBANO,MIXTO,63.38775510204081,60.6530612244898,56.816326530612244,58,68.87755102040816,302.0408163265306
376001042297,CENTRO EDUCATIVO PROGRESEMOS,76,76001,NO OFICIAL,URBANO,MIXTO,53.214285714285715,53.357142857142854,50.785714285714285,49.357142857142854,61.642857142857146,262.2142857142857
425175032351,COL CUMBRES,25,25175,NO OFICIAL,RURAL,MIXTO,65.06666666666666,66.9,60.63333333333333,62.6,80.83333333333333,325.46666666666664
376001022334,COLEGIO COOPERATIVO LINO GIL JARAMILLO,76,76001,NO OFICIAL,URBANO,MIXTO,56,51,45,61,68,272
376001021478,COLEGIO BILINGUE WASHINGTON,76,76001,NO OFICIAL,URBANO,MIXTO,60,65.5,63.25,60.25,77.75,317.25
376001005758,INSTITUTO TECNICO HERMANO MIGUEL,76,76001,NO OFICIAL,URBANO,MIXTO,49.53846153846154,46.30769230769231,45.92307692307692,43,47.15384615384615,231.46153846153845
417001005373,COL. ANGLOHISPANO - SEDE PRINCIPAL,17,17873,NO OFICIAL,RURAL,MIXTO,56.0625,56.375,53.3125,50.9375,74.0625,278.4375
376001033492,LICEO LOS PINOS,76,76001,NO OFICIAL,URBANO,MIXTO,49,46.75,41.25,39.25,38,218
311001102384,COL GRAN BRETAÑA,11,11001,NO OFICIAL,URBANO,MIXTO,61.42857142857143,63.714285714285715,59.785714285714285,56.785714285714285,81.14285714285714,309.85714285714283
425126800038,CORPÓRACION GIMNASIO ALEMÁN FRIENDRICH VON SCHILLER - SEDE PRINCIPAL,25,25126,NO OFICIAL,RURAL,MIXTO,59.666666666666664,62.833333333333336,59.666666666666664,61.5,73.66666666666667,309.6666666666667
311001065047,GIMNASIO CAMPESTRE DE GUILFORD,11,11001,NO OFICIAL,RURAL,MIXTO,54.86206896551724,46.86206896551724,47.96551724137931,48.44827586206897,62.11538461538461,251.79310344827587
376520007261,COL LOS ALPES DE LLANO GRANDE - SEDE PRINCIPAL,76,76520,NO OFICIAL,URBANO,MIXTO,44.625,39.625,39.375,33.875,45.5,199.25
311848000324,COL COLOMBO GALES,11,11001,NO OFICIAL,URBANO,MIXTO,65.41666666666667,66.72916666666667,62.041666666666664,63.8125,83.35416666666667,329.7291666666667
311001047294,COLEGIO MAYOR DE LOS ANDES,25,25126,NO OFICIAL,RURAL,MIXTO,67.25,66.70833333333333,67.625,67,80.83333333333333,341.125
308001013054,INTERNATIONAL BERCKLEY SCHOOL,8,8573,NO OFICIAL,RURAL,MIXTO,64.45,62.15,61.325,59.95,81.225,317.3
319001004791,COLEGIO GENERACION DE CONQUISTA - SEDE PRINCIPAL,19,19001,NO OFICIAL,URBANO,MIXTO,59.875,61.5,53.25,54,59.75,286.875
376001021583,INSTITUTO TECNICO LA RIVIERA,76,76001,NO OFICIAL,URBANO,MIXTO,52.26315789473684,48.31578947368421,45.21052631578947,43.421052631578945,52.421052631578945,238.57894736842104
311001100985,COLEGIO BILINGUE RICHMOND,11,11001,NO OFICIAL,URBANO,MIXTO,67.65,65.7,63.55,63.9,80.2,331.75
311848000936,COLEGIO SANTA MARIA,11,11001,NO OFICIAL,URBANO,FEMENINO,65.78082191780823,67.75342465753425,63.02739726027397,64.89041095890411,81.16438356164383,332.8904109589041
376001043285,COLEGIO GUIAS - SEDE PRINCIPAL,76,76001,NO OFICIAL,URBANO,MIXTO,60.22222222222222,57.77777777777778,55.44444444444444,56.05555555555556,64.33333333333333,289.55555555555554
308001012813,CORPORACION EDUCATIVA COLEGIO ITALIANO GALILEO GALILEI - SEDE PRINCIPAL,8,8001,NO OFICIAL,URBANO,MIXTO,62.5,64,60.5,58.7,69.4,310.3
376001043897,ESCUELA DE GESTION Y FORMACION EMPRESARIAL - SEDE PRINCIPAL,76,76001,NO OFICIAL,URBANO,MIXTO,51.785714285714285,48.357142857142854,48.214285714285715,46.5,49.357142857142854,243.78571428571428
376001003437,COLEGIO SAN ALBERTO MAGNO,76,76001,NO OFICIAL,URBANO,MIXTO,56.58064516129032,58.774193548387096,55.87096774193548,53.12903225806452,61.225806451612904,282.4516129032258
311769000998,COL COLOMBO HEBREO,11,11001,NO OFICIAL,URBANO,MIXTO,64.5,69.5,61.666666666666664,60,83.5,327
305001019681,CORPORACION COLEGIO CUMBRES,5,5266,NO OFICIAL,URBANO,MIXTO,64.3076923076923,64.97435897435898,61.76923076923077,57.205128205128204,81.74358974358974,317.9230769230769
376001010841,COL. TEC. COMERCIAL SANTA MARIA GORETTY,76,76001,NO OFICIAL,URBANO,MIXTO,56.666666666666664,51.083333333333336,53,53.25,55.833333333333336,268.4166666666667
376001014897,LICEO QUIAL - SEDE PRINCIPAL,76,76001,NO OFICIAL,URBANO,MIXTO,59.91304347826087,58.08695652173913,53.82608695652174,54.65217391304348,62.86363636363637,285.1304347826087
376111002827,COLEGIO COMFANDI BUGA,76,76111,NO OFICIAL,URBANO,MIXTO,58.574074074074076,58.092592592592595,56.166666666666664,53.68518518518518,63.2962962962963,285.81481481481484
376001002121,COLEGIO BENNETT,76,76001,NO OFICIAL,URBANO,MIXTO,62.25454545454546,64.0909090909091,61.54545454545455,60.29090909090909,81.0909090909091,317.56363636363636
311848000693,COLEGIO DE INGLATERRA (THE ENGLISH SCHOOL) - SEDE PRINCIPAL,11,11001,NO OFICIAL,URBANO,MIXTO,62.76744186046512,65.3953488372093,61.19767441860465,61.02325581395349,82.61627906976744,320.63953488372096
376001010611,INST. TEC. CIAL GENERAL SANTANDER,76,76001,NO OFICIAL,URBANO,MIXTO,56,48,51,50,50,256
311001075697,COLEGIO MODERNO JOHN DEWEY S.A.S.,11,11001,NO OFICIAL,URBANO,MIXTO,55.42857142857143,48.285714285714285,48.857142857142854,52.857142857142854,69.71428571428571,263.7142857142857
376001013246,COLEGIO DEL SAGRADO CORAZÓN DE JESÚS-VALLE DEL LILI,76,76001,NO OFICIAL,URBANO,MIXTO,59.294117647058826,59,57.05882352941177,55.35294117647059,72.05882352941177,293.88235294117646
376001000519,COL DE LA SAGRADA FAMILIA,76,76001,NO OFICIAL,URBANO,FEMENINO,62,59.53125,57.6875,58.15625,69.375,300.59375
311769000475,ASPAEN GIMNASIO IRAGUA,11,11001,NO OFICIAL,URBANO,FEMENINO,67.10344827586206,68.75862068965517,64.48275862068965,62.827586206896555,80.6896551724138,334.7241379310345
376001042491,CENTRO DE ESTUDIOS INSCAT,76,76001,NO OFICIAL,URBANO,MIXTO,44,39,38,40,43,202
376001000241,COLEGIO MIGUEL CAMACHO PEREA,76,76001,NO OFICIAL,URBANO,MIXTO,60.1,54.5,50.9,52.9,66.7,277.7
425377076711,COLEGIO EKIRAYA EDUCACION MONTESSORI - SEDE PRINCIPAL,25,25377,NO OFICIAL,RURAL,MIXTO,56.6,61,57.8,50.4,82.4,292.4
376001011464,COLEGIO GIMNASIO LA COLINA,76,76001,NO OFICIAL,URBANO,MIXTO,67.29411764705883,71.17647058823529,65.47058823529412,69.23529411764706,85.70588235294117,348.2352941176471
376001000276,COL BERCHMANS,76,76001,NO OFICIAL,URBANO,MIXTO,65.5677966101695,67.97457627118644,65.82203389830508,63.52542372881356,78.54237288135593,333.52542372881356
376001014048,LIC BELLA SUIZA,76,76001,NO OFICIAL,URBANO,MIXTO,51.55555555555556,46.333333333333336,49.666666666666664,46.888888888888886,56.111111111111114,246
376001020391,COL. COMFANDI CALIPSO - SEDE PRINCIPAL,76,76001,NO OFICIAL,URBANO,MIXTO,59.18181818181818,59.32727272727273,55.27272727272727,55.30909090909091,59.21818181818182,287.1272727272727
344430001303,COLEGIO ALBANIA,44,44035,NO OFICIAL,URBANO,MIXTO,62.8421052631579,67.6842105263158,64.47368421052632,61.21052631578947,80.52631578947368,326.57894736842104
308573074909,COLEGIO SAN JOSÉ - SEDE PRINCIPAL,8,8573,NO OFICIAL,URBANO,MIXTO,64.20454545454545,62.59090909090909,60.72727272727273,61.31818181818182,79.52272727272727,317.70454545454544
376001035843,COLEGIO MAYOR SAN FRANCISCO DE ASIS - SEDE PRINCIPAL,76,76001,NO OFICIAL,URBANO,MIXTO,61.064748201438846,60.26618705035971,56.81294964028777,55.8705035971223,67.33812949640287,295.9496402877698
376001001221,COL BOLIVAR,76,76001,NO OFICIAL,URBANO,MIXTO,66.23404255319149,69.82978723404256,64.46808510638297,65.2127659574468,88.23404255319149,340.5531914893617
376001001523,SANTA  MARIA STELLA MARIS,76,76001,NO OFICIAL,URBANO,FEMENINO,62.375,62.125,60.5,60.125,68.875,309.3125
319001000434,COL CHAMPAGNAT,19,19001,NO OFICIAL,URBANO,MIXTO,64.75,65.48076923076923,62.5,60.61538461538461,68.61538461538461,318.65384615384613
313001004768,COLEGIO BRITANICO DE CARTAGENA,13,13001,NO OFICIAL,RURAL,MIXTO,67.4186046511628,70.62790697674419,66.20930232558139,66.95348837209302,81,344.13953488372096
305001003769,COL MARYMOUNT,5,5001,NO OFICIAL,URBANO,FEMENINO,65.18367346938776,65.55102040816327,61.06122448979592,59.44897959183673,85.22448979591837,322.6734693877551
311001010820,COL SAN BARTOLOME LA MERCED,11,11001,NO OFICIAL,URBANO,MIXTO,65.9009900990099,69.14851485148515,66.57425742574257,66.03960396039604,81.75247524752476,340.3069306930693
376001028219,COLEGIO COMFANDI EL PRADO,76,76001,NO OFICIAL,URBANO,MIXTO,59.935483870967744,60.09139784946237,57.51075268817204,54.96236559139785,62.06989247311828,292.13440860215053
311769003920,COL BILING CLERMONT - SEDE PRINCIPAL,11,11001,NO OFICIAL,URBANO,MIXTO,68.09677419354838,71.09677419354838,64.61290322580645,65.51612903225806,80.96774193548387,341.9032258064516
376001016334,COLEGIO INGLES DE LOS ANDES,76,76001,NO OFICIAL,URBANO,MIXTO,64.35714285714286,69.60714285714286,66.17857142857143,62.57142857142857,80.32142857142857,334
376001015460,INST CAMILO TERREROS,76,76001,NO OFICIAL,URBANO,MIXTO,57.074074074074076,52.407407407407405,53.74074074074074,54.44444444444444,59.7037037037037,274.25925925925924
376001000543,COLEGIO SAN FRANCISCO DE ASIS,76,76001,NO OFICIAL,URBANO,MIXTO,61.48979591836735,60.57142857142857,58.93877551020408,55.38775510204081,64.06122448979592,297.38775510204084
376892000034,COL COMFANDI - YUMBO - SEDE PRINCIPAL,76,76892,NO OFICIAL,URBANO,MIXTO,57.7,55,52.6,52.1625,59.625,273.8
376001020170,LICEO COMERCIAL Y TECNOLOGICO DEL VALLE - SEDE PRINCIPAL,76,76001,NO OFICIAL,URBANO,MIXTO,52.42857142857143,50.285714285714285,47.42857142857143,48.42857142857143,43.857142857142854,245.85714285714286
311769002290,GIMNASIO LA ARBOLEDA,11,11001,NO OFICIAL,URBANO,MIXTO,63.333333333333336,62,56.333333333333336,57.888888888888886,74.22222222222223,304.8888888888889
376001002376,COLEGIO HISPANOAMERICANO,76,76001,NO OFICIAL,URBANO,MIXTO,70.73170731707317,73.76829268292683,70.4390243902439,69.92682926829268,78.17073170731707,358.7439024390244
376001041509,COLEGIO LOS ANDES N 2,76,76001,NO OFICIAL,URBANO,MIXTO,52.18333333333333,47.5,46.43333333333333,46.06666666666667,50.28333333333333,241.03333333333333
376001036386,INSTITUTO EDUCATIVO GALILEO GALILEI,76,76001,NO OFICIAL,URBANO,MIXTO,52.38461538461539,45.23076923076923,48.46153846153846,46.61538461538461,55.15384615384615,243.6153846153846
425175000756,GIMN CAMP PARA LA EDUCACION INTEGRAL GICEI,25,25175,NO OFICIAL,RURAL,MIXTO,66.85714285714286,63.857142857142854,61.8,60.25714285714286,73.42857142857143,319.85714285714283
311848002351,COL SANTA FRANCISCA ROMANA,11,11001,NO OFICIAL,URBANO,FEMENINO,68.77142857142857,73.87142857142857,69.31428571428572,69.1,84.81428571428572,356.9
376248000031,GABRIELA MISTRAL,76,76248,NO OFICIAL,URBANO,MIXTO,60.46666666666667,57.93333333333333,57.733333333333334,54.93333333333333,59.666666666666664,289.6
376001000306,COLEGIO LEONÍSTICO LA MERCED,76,76001,NO OFICIAL,URBANO,MIXTO,62.083333333333336,61.489583333333336,58.458333333333336,59.583333333333336,67.63541666666667,304.7708333333333
376001000861,COLEGIO DE SAN LUIS GONZAGA,76,76001,NO OFICIAL,URBANO,MIXTO,65.74545454545455,63.981818181818184,60.90909090909091,62.054545454545455,69.25454545454545,318.2
425214000203,NUEVO GIMNASIO CRISTIANO,25,25214,NO OFICIAL,RURAL,MIXTO,68.42857142857143,68.9047619047619,64.47619047619048,66.71428571428571,81.0952380952381,340.95238095238096
325175000549,GIMN BRITANICO,25,25175,NO OFICIAL,RURAL,MIXTO,65.17021276595744,65.85106382978724,63.340425531914896,61.808510638297875,79.44680851063829,326.1489361702128
376001007670,COLEGIO LEON DE GREIFF,76,76001,NO OFICIAL,URBANO,MIXTO,62.43624161073826,63.23489932885906,60.281879194630875,58.033557046979865,63.97315436241611,306.12080536912754
352001004135,INST SAN FRANCISCO DE ASIS,52,52001,NO OFICIAL,URBANO,MIXTO,57.61224489795919,56.795918367346935,56.95918367346939,54.08163265306123,56.95918367346939,282.0408163265306
319001001180,COL LOS ANDES,19,19001,NO OFICIAL,URBANO,MIXTO,68.64864864864865,72.16216216216216,66.62162162162163,66.54054054054055,71.89189189189189,343.7837837837838
319001002330,COL COLOMBIA JARDIN INFANTIL MAFALDA,19,19001,NO OFICIAL,URBANO,MIXTO,62.53333333333333,60.266666666666666,58.53333333333333,57.53333333333333,59.733333333333334,298.53333333333336
311848001011,COL ANGLO COLOMBIANO,11,11001,NO OFICIAL,URBANO,MIXTO,62.88461538461539,67.56410256410257,61.88461538461539,61.02564102564103,85.46153846153847,325.21794871794873
376001001558,COLEGIO LOS ANGELES SAN FERNANDO,76,76001,NO OFICIAL,URBANO,MIXTO,59.666666666666664,57,57.06666666666667,53.86666666666667,65.4,287.8666666666667
319532001389,FUNDACION LICEO COMERCIAL COMERCIAL CIUDAD EL BORDO,19,19532,NO OFICIAL,URBANO,MIXTO,55.18181818181818,54.77272727272727,52.63636363636363,51.5,51.27272727272727,266.77272727272725
352001003791,COLEGIO MI PEQUEÑO MUNDO GIMNASIO LOS ANDES,52,52001,NO OFICIAL,URBANO,MIXTO,56.3,56.8,51.1,53.6,57.2,273.3
317001003716,ASPAEN-GIMNASIO LOS CEREZOS,17,17001,NO OFICIAL,URBANO,MIXTO,64.5,66,59.375,58.625,77,316.375
376001031341,COLEGIO BRITÁNICO-THE BRITISH SCHOOL,76,76001,NO OFICIAL,URBANO,MIXTO,61.94117647058823,61.411764705882355,57.23529411764706,56,72.76470588235294,301
376001007009,COLEGIO LA PRESENTACION EL PARAISO,76,76001,NO OFICIAL,URBANO,MIXTO,56.064516129032256,55.53225806451613,53.53225806451613,52.88709677419355,60.17741935483871,274.6774193548387
311848002823,GIMNASIO DEL NORTE,11,11001,NO OFICIAL,URBANO,MIXTO,65.02325581395348,64.76744186046511,62.18604651162791,61.06976744186046,80.53488372093024,322.8837209302326
308573000450,ASPAEN GIMNASIO ALTAMAR BILINGUE,8,8573,NO OFICIAL,URBANO,MASCULINO,70.16666666666667,68,67.33333333333333,69,79.66666666666667,347.3333333333333
352001000903,COL SAN FRANCISCO JAVIER,52,52001,NO OFICIAL,URBANO,MIXTO,65.42528735632185,67.44827586206897,64.95402298850574,64.16091954022988,71.86206896551724,329.9655172413793
319001002135,COL COLOMBO FRANCES,19,19001,NO OFICIAL,URBANO,MIXTO,67.5,69.04545454545455,66.63636363636364,65.22727272727273,72.52380952380952,336.90909090909093
376001001388,COLEGIO LACORDAIRE,76,76001,NO OFICIAL,URBANO,MASCULINO,66.3170731707317,65.8780487804878,64.7560975609756,62.19512195121951,76.2439024390244,328.3414634146341
311001033633,CENT EDUC Y CULT ESPAÑOL REYES CATOLICOS,11,11001,NO OFICIAL,URBANO,MIXTO,66.75862068965517,70.41379310344827,64.82758620689656,65.6896551724138,77.20689655172414,338.48275862068965
376001002392,COL. NUESTRA SEÑORA DE LA GRACIA,76,76001,NO OFICIAL,URBANO,FEMENINO,58.18181818181818,58,55.72727272727273,53.696969696969695,66.125,285.4848484848485
308001000122,COLEGIO LA MEDALLA  MILAGROSA,8,8001,NO OFICIAL,URBANO,MIXTO,71.07692307692308,68.23076923076923,67.6923076923077,67.61538461538461,83,348.84615384615387
376520007105,LIC MADRE ELISA,76,76520,NO OFICIAL,URBANO,MIXTO,55.46153846153846,56.96153846153846,55.76923076923077,53.19230769230769,59.11538461538461,278.2692307692308
376001029878,CENTRO DE EDUCACION INDIVIDUALIZADA,76,76001,NO OFICIAL,URBANO,MIXTO,43.5,42,44,43.25,58.5,217.5
311001109842,COLEGIO KNIGHTSBRIDGE SCHOOLS INTERNATIONAL - SEDE PRINCIPAL,11,11001,NO OFICIAL,URBANO,MIXTO,62.76923076923077,63.38461538461539,59.69230769230769,55.69230769230769,79.46153846153847,309.2307692307692
311001800081,QUALIA ALTERNATIVA EDUCATIVA - SEDE PRINCIPAL,11,11001,NO OFICIAL,URBANO,MIXTO,63,63,58.111111111111114,65.44444444444444,74.11111111111111,316.44444444444446
376001034219,COLEGIO CREAD,76,76001,NO OFICIAL,URBANO,MIXTO,56.3,59.2,50,55.7,51.4,275.1
376520007393,COL TERESIANO DE PALMIRA - SEDE PRINCIPAL,76,76520,NO OFICIAL,URBANO,MIXTO,54.8,50,53.2,51.6,58.77777777777778,264.1
376001042823,CENTRO DE ESTUDIOS E INVESTIGACIÓN VIDA CEVIDA,76,76001,NO OFICIAL,URBANO,MIXTO,34,29,45,29,32,170
352001001519,COLEGIO DEL SAGRADO CORAZON DE JESUS,52,52001,NO OFICIAL,URBANO,MIXTO,67.0952380952381,64.88888888888889,64.15873015873017,64.85714285714286,69.5079365079365,327.9047619047619
376001000128,COL MAYOR SANTIAGO DE CALI,76,76001,NO OFICIAL,URBANO,MIXTO,58.61363636363637,59.56818181818182,56.77272727272727,53.75,59.79545454545455,286.95454545454544
476248000478,INST TEC COMERCIAL E INDUSTRIAL PROVIDENCIA,76,76248,NO OFICIAL,RURAL,MIXTO,61.44,56.86,56.74,58.62,63.16,293.92
319001005240,COLEGIO CESCO BILINGÜE - SEDE PRINCIPAL,19,19001,NO OFICIAL,URBANO,MIXTO,53.785714285714285,48.07142857142857,49.285714285714285,46.857142857142854,55.857142857142854,249.85714285714286
376001027115,COLEGIO VALORES ILAMA,76,76001,NO OFICIAL,URBANO,MIXTO,51.285714285714285,54.285714285714285,52.857142857142854,38.714285714285715,58.142857142857146,249.85714285714286
319001002151,COL GUILLERMO LEON VALENCIA,19,19001,NO OFICIAL,URBANO,MIXTO,63.475,60.925,60.475,58.15,65.275,305.475
476892099710,COLEGIO INTERNACIONAL LOS CAÑAVERALES,76,76892,NO OFICIAL,RURAL,MIXTO,62.625,59,57.5625,58.0625,75.8125,302.875
376001000888,FUND COL PAR SAN PEDRO CLAVER,76,76001,NO OFICIAL,URBANO,MIXTO,58.924528301886795,55.094339622641506,53.320754716981135,51.84905660377358,56.716981132075475,274.7169811320755
376001000454,COLEGIO MILITAR JOSE ACEVEDO Y GOMEZ,76,76001,NO OFICIAL,URBANO,MIXTO,52.208333333333336,52.604166666666664,49.645833333333336,46.9375,52.416666666666664,252.58333333333334
476520006324,COL SAN JOSE CAMPESTRE,76,76520,NO OFICIAL,URBANO,MIXTO,66.22222222222223,60.166666666666664,60.888888888888886,59,73.72222222222223,312.44444444444446
313836000623,GIMNASIO CARTAGENA-ASPAEN,13,13001,NO OFICIAL,RURAL,MIXTO,71.57894736842105,68.15789473684211,68.73684210526316,67.05263157894737,81.57894736842105,349.2631578947368
319001000175,COL HOGAR MADRE DE DIOS,19,19001,NO OFICIAL,URBANO,FEMENINO,62.714285714285715,64.23809523809524,60.142857142857146,61,61.04761904761905,309.7142857142857
376001000551,COLEGIO  DE NUESTRA SEÑORA DE CHIQUINQUIRA,76,76001,NO OFICIAL,URBANO,MIXTO,62.833333333333336,60.04761904761905,60.285714285714285,58.833333333333336,62.26190476190476,303.2142857142857
305001004668,COL GIMN LOS PINARES,5,5001,NO OFICIAL,URBANO,FEMENINO,67.88,68.88,64.84,64.52,84.68,339.68
376001042165,COORPORACION COLEGIO SAN AMBROSIO DE MILAN - SEDE PRINCIPAL,76,76001,NO OFICIAL,URBANO,MIXTO,56.375,54.3125,53.0625,53.5,62.13333333333333,273.875
376001000900,COL PARROQ SAN JUAN BAUTISTA,76,76001,NO OFICIAL,URBANO,MIXTO,56.9622641509434,55.91509433962264,53.028301886792455,51.37735849056604,57.77358490566038,272.97169811320754
376147000201,INSTITUCIÓN EDUCATIVA DIOCESANA PAULO VI,76,76147,NO OFICIAL,URBANO,MASCULINO,64.83333333333333,63.166666666666664,61.333333333333336,63.333333333333336,69.16666666666667,318
376001024612,COL EL PINAR,76,76001,NO OFICIAL,URBANO,MIXTO,58,54.17391304347826,53.17391304347826,55.130434782608695,69.34782608695652,281.17391304347825
376001010221,ACADE MILIT JOAQUÍN DE CAICEDO Y CUERO,76,76001,NO OFICIAL,URBANO,MIXTO,54.83870967741935,49.935483870967744,49.61290322580645,49.16129032258065,53.32258064516129,255.3548387096774
376001003526,COL CATOLICO,76,76001,NO OFICIAL,URBANO,MIXTO,60.55555555555556,58.44444444444444,57.148148148148145,56.148148148148145,66.77777777777777,293.7037037037037
376001006983,COLEGIO NUESTRA SEÑORA DEL ROSARIO,76,76001,NO OFICIAL,URBANO,FEMENINO,62.86363636363637,62.27272727272727,60.40909090909091,58.5,70.36363636363636,308.6363636363636
319573000508,COLEGIO COMFACAUCA,19,19573,NO OFICIAL,URBANO,MIXTO,50.233333333333334,49.5,45.9,42.733333333333334,49.483333333333334,236.41666666666666
376001002350,COLEGIO FRANCISCANO  PÍO XII,76,76001,NO OFICIAL,URBANO,MIXTO,63.064516129032256,63.74193548387097,58.88709677419355,58.67741935483871,71.14516129032258,309.38709677419354
376001013181,COLEGIO ANDINO,76,76001,NO OFICIAL,URBANO,MIXTO,56.73076923076923,53.26923076923077,52.69230769230769,48.53846153846154,58.48,265.84615384615387
319001001201,COL MIXTO SINTRAFEC,19,19001,NO OFICIAL,URBANO,MIXTO,60,56.77777777777778,56.05555555555556,56.166666666666664,60.77777777777778,287.55555555555554
376001005928,COLEGIO SAN FERNANDO REY,76,76001,NO OFICIAL,URBANO,MIXTO,56.666666666666664,52.666666666666664,57.333333333333336,53.666666666666664,56,275.6666666666667
376001022300,COLEGIO LUIS HORACIO GOMEZ,76,76001,NO OFICIAL,URBANO,MIXTO,59.458333333333336,57.5,57.708333333333336,55.083333333333336,70.31818181818181,290.9583333333333
376001026569,FUNDACION EDUCATIVA LIDERES,76,76001,NO OFICIAL,URBANO,MIXTO,59.714285714285715,58.92857142857143,53,49.857142857142854,63.92857142857143,280.14285714285717
376001000721,COLEGIO FRANCISCANO DE FRAY DAMIAN GONZALEZ,76,76001,NO OFICIAL,RURAL,MIXTO,61.79775280898876,59.60674157303371,59.741573033707866,56.853932584269664,64.0561797752809,299.2584269662921
425175001183,FUND COL SAN JUAN DEL CAMINO,25,25175,NO OFICIAL,URBANO,MIXTO,63.6,64.2,56.6,60.2,78.2,312.2
376001028685,VERNOT SCHOOL,76,76001,NO OFICIAL,URBANO,MIXTO,59.083333333333336,58.416666666666664,57.333333333333336,53.75,72.66666666666667,291.6666666666667
311001002347,COL JOSE MAX LEON,25,25214,NO OFICIAL,RURAL,MIXTO,68.71052631578948,68.89473684210526,68.21052631578948,69.47368421052632,77.8157894736842,347.5263157894737
352001004658,COL COMFAMILIAR DE NARIÑO SIGLO XXI,52,52001,NO OFICIAL,URBANO,MIXTO,60.69230769230769,61.44230769230769,56.63461538461539,55.44230769230769,59.09615384615385,292.9230769230769
376001003461,COLEGIO SAN ANTONIO MARIA CLARET,76,76001,NO OFICIAL,URBANO,MIXTO,62.054263565891475,63.23255813953488,58.8062015503876,57.604651162790695,65.56589147286822,304.1085271317829
376001043901,COLEGIO NUEVO CAMBRIDGE - SEDE PRINCIPAL,76,76001,NO OFICIAL,URBANO,MIXTO,67,65.77777777777777,62.55555555555556,57.888888888888886,76.88888888888889,321.8888888888889
305631000121,ASPAEN - GIMNASIO LOS ALCAZARES,5,5631,NO OFICIAL,URBANO,MASCULINO,67.125,67.625,64.75,62.71875,80.1875,333.40625
376520002456,COL SANTA INES CAMPESTRE,76,76520,NO OFICIAL,URBANO,MIXTO,65.16666666666667,64.91666666666667,63.333333333333336,63.166666666666664,70.91666666666667,323.3333333333333
476130000571,COLEGIO ANA  JULIA  HOLGUIN  DE  HURTADO,76,76130,NO OFICIAL,URBANO,MIXTO,66.4390243902439,64.14634146341463,64.58536585365853,62.78048780487805,66.95121951219512,323.3658536585366
376001029932,COLEGIO BILINGUE MONTESSORI,76,76001,NO OFICIAL,URBANO,MIXTO,60.6,56.666666666666664,55.266666666666666,56.666666666666664,72.33333333333333,292.3333333333333
311848000341,GIMN CAMPESTRE,11,11001,NO OFICIAL,URBANO,MASCULINO,64.04761904761905,66.84126984126983,62.92063492063492,62.04761904761905,83.63492063492063,327.3968253968254
376001026518,INST LA CAMPIÑA,76,76001,NO OFICIAL,URBANO,MIXTO,50.08571428571429,46.34285714285714,44.142857142857146,42.02857142857143,48.4,229.25714285714287
376001000934,COLEGIO SAN FRANCISCO JAVIER,76,76001,NO OFICIAL,URBANO,MIXTO,53.05,52.85,52.1,50.25,59.15,262.95
425175032127,GIMN PSICOPEDAG BILINGUE PERSONALIZADO E INTEGRAL,25,25175,NO OFICIAL,RURAL,MIXTO,60.42857142857143,62,58.142857142857146,56.714285714285715,72.85714285714286,301.85714285714283
311001105481,COLEGIO EL CAMINO ACADEMY,11,11001,NO OFICIAL,URBANO,MIXTO,70.55555555555556,69.44444444444444,66,66.55555555555556,89,348.77777777777777
376001001868,LICEO  JUAN  XXIII,76,76001,NO OFICIAL,URBANO,MIXTO,63.95454545454545,59.31818181818182,59.27272727272727,58.36363636363637,63.77272727272727,302.45454545454544
476892099728,COL NUESTRA SEÑORA DE LA ESPERANZA,76,76892,NO OFICIAL,RURAL,MIXTO,48.666666666666664,52.333333333333336,48.333333333333336,47,67,252.33333333333334
311001087288,GIMN LA MONTAÑA,11,11001,NO OFICIAL,URBANO,MIXTO,70.47826086956522,72.6086956521739,69.80434782608695,70.17391304347827,86.91304347826087,360.0217391304348
376001043595,INSTITUCION EDUCATIVA DEL VALLE - SEDE PRINCIPAL,76,76001,NO OFICIAL,URBANO,MIXTO,49.357142857142854,43.92857142857143,42.642857142857146,42.5,46,223.5
311001047863,FUNDACION COLEGIO CARDENAL JHON HENRY NEWMAN,25,25126,NO OFICIAL,RURAL,MIXTO,65.07894736842105,67.3157894736842,65.23684210526316,64.42105263157895,81.23684210526316,333.7631578947368
476001029180,COLEGIO CAMPESTRE ANGLO HISPANO - SEDE PRINCIPAL,76,76001,NO OFICIAL,URBANO,MIXTO,64.8,63.8,61.15,61.8,76.6,319.65
376364001835,INST EDUC NUESTRA SEÑORA DEL ROSARIO,76,76364,NO OFICIAL,URBANO,MIXTO,59.15,56.016666666666666,54.93333333333333,55.43333333333333,55.766666666666666,281.68333333333334
311769004292,COLEGIO SAN MATEO APOSTOL BILINGÜE INTERNACIONAL,11,11001,NO OFICIAL,URBANO,MIXTO,67.43283582089552,72.25373134328358,67.56716417910448,66.71641791044776,82.22388059701493,347.8059701492537
376001013220,COLEGIO BAUTISTA,76,76001,NO OFICIAL,URBANO,MIXTO,49.857142857142854,47.57142857142857,46.857142857142854,48.785714285714285,53.857142857142854,243.35714285714286
311848002262,COL ITALIANO LEONARDO DA VINCI,11,11001,NO OFICIAL,URBANO,MIXTO,69.06756756756756,69.22972972972973,64.52702702702703,66.89189189189189,80.72972972972973,342.2567567567568
376001001426,COLEGIO NUESTRA SEÑORA DE LA CONSOLACION,76,76001,NO OFICIAL,URBANO,FEMENINO,61.14,58.18,57.92,57.26,64.28,295.32
376001009176,COLEGIO LAURETTA BENDER,76,76001,NO OFICIAL,URBANO,MIXTO,69.57142857142857,67.92857142857143,66.21428571428571,64.71428571428571,80.64285714285714,340.7857142857143
376111002568,ACADEMIA MILIT CORONEL MIGUEL CABAL BARONA,76,76111,NO OFICIAL,URBANO,MIXTO,47.46666666666667,47.53333333333333,46.86666666666667,45.93333333333333,49.2,235.6
411001076558,COLEGIO BILINGÜE TIERRA NUEVA,25,25377,NO OFICIAL,RURAL,MIXTO,63.52173913043478,61.69565217391305,61.608695652173914,59.34782608695652,72.73913043478261,312.04347826086956
319001002054,SEMINARIO MENOR ARQUIDIOCESANO,19,19001,NO OFICIAL,URBANO,MASCULINO,64.37254901960785,68.37254901960785,65.29411764705883,60.35294117647059,63.88235294117647,322.6078431372549
376001033859,COLEGIO PARROQUIAL NUESTRA SEÑORA DE LOS ANDES,76,76001,NO OFICIAL,URBANO,MIXTO,57.8936170212766,53.148936170212764,51.744680851063826,49.829787234042556,55.638297872340424,266.7659574468085
308573000026,INSTITUTO PARA EL DESARROLLO DEL POTENCIAL HUMANO,8,8573,NO OFICIAL,URBANO,MIXTO,59.8,60.31428571428572,57.97142857142857,56.114285714285714,66.65714285714286,295.85714285714283
376001005910,COL DE LA SANTÍSIMA TRINIDAD,76,76001,NO OFICIAL,URBANO,MIXTO,50.89473684210526,46.8421052631579,47.78947368421053,45.21052631578947,54.8421052631579,241.21052631578948
376001039016,INSTITUTO  COLOMBIA,76,76001,NO OFICIAL,URBANO,MIXTO,46.78260869565217,40.91304347826087,40.56521739130435,41.130434782608695,42.34782608695652,211.7826086956522
308573800031,COLEGIO MARYMOUNT - SEDE PRINCIPAL,8,8573,NO OFICIAL,RURAL,MIXTO,64.9672131147541,67.45901639344262,62.131147540983605,61.67213114754098,83.81967213114754,327.8688524590164
305001000077,EL NUEVO COL THE NEW SCHOOL,5,5001,NO OFICIAL,RURAL,MIXTO,55.111111111111114,50.138888888888886,48.138888888888886,47.94444444444444,69.44444444444444,258.94444444444446
311001105707,COL CALATRAVA - SEDE PRINCIPAL,11,11001,NO OFICIAL,URBANO,MIXTO,72.28571428571429,73.71428571428571,73.14285714285714,73.28571428571429,85.57142857142857,370.2857142857143
376001032429,CENTRO DOCENTE SANTA ANITA - SEDE PRINCIPAL,76,76001,NO OFICIAL,URBANO,MIXTO,45.25,35,37.25,38.5,38.25,194.75
376001026755,LICEO CARLOS CASTRO SAAVEDRA,76,76001,NO OFICIAL,URBANO,MIXTO,55.875,53.375,51.75,47.25,47.5,258.625
376001013831,INSTITUTO TECNICO SALOMIA,76,76001,NO OFICIAL,URBANO,MIXTO,57.166666666666664,54.333333333333336,52.72222222222222,50,57.94444444444444,269.55555555555554
308001077745,COLEGIO REAL (ROYAL SCHOOL) - SEDE PRINCIPAL,8,8001,NO OFICIAL,URBANO,MIXTO,69.44680851063829,69.51063829787235,65.19148936170212,62.48936170212766,82.65957446808511,339.468085106383
311001107271,GIMNASIO YACARD - SEDE PRINCIPAL,11,11001,NO OFICIAL,URBANO,MIXTO,63.46153846153846,64.6923076923077,60.30769230769231,57.69230769230769,71.23076923076923,311.38461538461536
376001008544,COLEGIO LOS ANDES,76,76001,NO OFICIAL,URBANO,MIXTO,58.92424242424242,58.666666666666664,55.96969696969697,54.25757575757576,61.5,286.57575757575756
311001019941,COL NUEVA GRANADA,11,11001,NO OFICIAL,URBANO,MIXTO,60.7,64.6,59.225,57.6,84.7,312.05
376001037536,CORPORACION NACIONAL DE ESTUDIOS,76,76001,NO OFICIAL,URBANO,MIXTO,48.11764705882353,43.35294117647059,44.529411764705884,41.11764705882353,42.411764705882355,220.58823529411765
466001005641,LIC CAMPESTRE DE PEREIRA,66,66001,NO OFICIAL,RURAL,MIXTO,67.3529411764706,74.23529411764706,68.47058823529412,66.70588235294117,79,349.70588235294116
476001800153,LICEO ALTHAIR - SEDE PRINCIPAL,76,76001,NO OFICIAL,RURAL,MIXTO,64.5,51.5,60.5,58.5,69,297.5
376001001566,COLEGIO MAYOR ALFEREZ REAL,76,76001,NO OFICIAL,URBANO,MIXTO,59.68852459016394,60.19672131147541,58.39344262295082,54.278688524590166,64.49180327868852,293.1475409836066
376001021885,COLEGIO LUIS CARLOS GALAN SARMIENTO,76,76001,NO OFICIAL,URBANO,MIXTO,60,62.65217391304348,57.869565217391305,55.391304347826086,59.56521739130435,295.0869565217391
376001028529,COLEGIO SAN IGNACIO DE LOYOLA,76,76001,NO OFICIAL,URBANO,MIXTO,46.44444444444444,43,41.55555555555556,35.888888888888886,42.333333333333336,208.77777777777777
311769000866,FUND NUEVO MARYMOUNT,11,11001,NO OFICIAL,URBANO,FEMENINO,67.453125,67.484375,62.25,65.203125,82.296875,334.453125
376520004688,COL MILIT GENERAL AGUSTIN CODAZZI,76,76520,NO OFICIAL,URBANO,MIXTO,58.26470588235294,58.73529411764706,58.088235294117645,56.088235294117645,63.88235294117647,291.29411764705884
376001040840,COLEGIO ECOLOGICO SCOUT,76,76001,NO OFICIAL,URBANO,MIXTO,57.75,50,54.25,50.5,61.5,268.5
311001107289,GIMN ALESSANDRO VOLTA - SEDE PRINCIPAL,11,11001,NO OFICIAL,URBANO,MIXTO,73,77.4,69.65,71.5,81.2,367.55
311001042667,GIMN FONTANA,11,11001,NO OFICIAL,URBANO,MIXTO,64.60714285714286,65.08928571428571,62.464285714285715,62.55357142857143,80.82142857142857,324.98214285714283
376001026348,INSTITUTO BILINGUE AGORA,76,76001,NO OFICIAL,URBANO,MIXTO,59.30769230769231,60.84615384615385,60.46153846153846,57.30769230769231,71.23076923076923,301.7692307692308
319001000451,INSTITUTO MELVIN JONES,19,19001,NO OFICIAL,URBANO,MIXTO,62.25714285714286,57.542857142857144,55.857142857142854,54.51428571428571,59.4,288.4
425126047887,GIMN CAMP LOS CEREZOS,25,25126,NO OFICIAL,RURAL,MIXTO,64.78260869565217,63.56521739130435,59.69565217391305,58.65217391304348,78,314.69565217391306
319001002895,COL GIMNASIO CALIBIO,19,19001,NO OFICIAL,URBANO,MIXTO,71.52941176470588,82.88235294117646,72.82352941176471,70.47058823529412,72.05882352941177,371.1764705882353
376001020455,CENTRO DOCENTE TOMAS CIPRIANO  MOSQUERA,76,76001,NO OFICIAL,URBANO,MIXTO,60.22222222222222,56.55555555555556,54,54.44444444444444,56.44444444444444,281.6666666666667
311769000165,COL SAN JORGE DE INGLATERRA,11,11001,NO OFICIAL,URBANO,MIXTO,68.8840579710145,71.20289855072464,68.08695652173913,68.18840579710145,85.71014492753623,351.81159420289856
376001002279,COLEGIO COLOMBO BRITÁNICO,76,76001,NO OFICIAL,RURAL,MIXTO,67.94827586206897,69.37931034482759,65.36206896551724,65.34482758620689,85.03448275862068,342
376001002066,INSTITUTO TÉCNICO INDUSTRIAL SAN JUAN BOSCO,76,76001,NO OFICIAL,URBANO,MIXTO,60.679245283018865,65.86792452830188,60.716981132075475,56.54716981132076,65.75471698113208,306.60377358490564
408573012835,COLEGIO KARL C PARRISH,8,8573,NO OFICIAL,URBANO,MIXTO,65.35714285714286,68.21428571428571,62.142857142857146,60,89.07142857142857,329.2857142857143
305380019472,COLEGIO CANADIENSE - SEDE PRINCIPAL,5,5380,NO OFICIAL,RURAL,MIXTO,61.69512195121951,61.59756097560975,58.9390243902439,57.609756097560975,79.52439024390245,307.2560975609756
425377000529,COL TILATA - SEDE PRINCIPAL,25,25377,NO OFICIAL,RURAL,MIXTO,66.06451612903226,68.3225806451613,65.74193548387096,66.61290322580645,86.16129032258064,340.8709677419355
376111032580,C. E. FORMAL DISCENTER S - SEDE PRINCIPAL,76,76111,NO OFICIAL,URBANO,MIXTO,52.484848484848484,49.27272727272727,48.484848484848484,46.39393939393939,51.06060606060606,246.54545454545453
311848000286,GIMN DE LOS CERROS,11,11001,NO OFICIAL,URBANO,MASCULINO,70.63157894736842,74.10526315789474,68.47368421052632,69.05263157894737,85.13157894736842,358.4736842105263
323001005778,COLEGIO BRITANICO DE MONTERIA MS S.A.S - SEDE PRINCIPAL,23,23001,NO OFICIAL,URBANO,MIXTO,68.03703703703704,64.44444444444444,63.55555555555556,62.888888888888886,79.70370370370371,329.4074074074074
376001031031,"COLEGIO DE LA CAJA DE COMPENSACIÓN FAMILIAR DEL VALLE DEL CAUCA ""COMFANDI""",76,76001,NO OFICIAL,URBANO,MIXTO,47.46153846153846,41.84615384615385,42.666666666666664,42.02564102564103,44.97435897435897,218.07692307692307
376520005498,LIC LA ENSEÑANZA,76,76520,NO OFICIAL,URBANO,MIXTO,67.52941176470588,62.1764705882353,61.8235294117647,61.1764705882353,67.58823529411765,317.6470588235294
425377800011,COL. HACIENDA LOS ALCAPARROS,25,25377,NO OFICIAL,RURAL,MIXTO,65.93023255813954,67.6046511627907,63.906976744186046,63.83720930232558,83.18604651162791,333.4186046511628
376364002343,COL COMFANDI TERRANOVA,76,76364,NO OFICIAL,URBANO,MIXTO,57.857142857142854,61,59.214285714285715,55.32142857142857,63.785714285714285,293.85714285714283
425175000969,GIMN LOS CAOBOS,25,25175,NO OFICIAL,RURAL,MIXTO,66.22222222222223,64.88888888888889,59.55555555555556,63.94444444444444,82.38888888888889,325.44444444444446
319001000396,COL SAN JOSE DE TARBES,19,19001,NO OFICIAL,URBANO,FEMENINO,66.66666666666667,64.83333333333333,63.47222222222222,60.19444444444444,70.11111111111111,321.3333333333333
319001000370,REAL COL SAN FRANCISCO DE ASIS,19,19001,NO OFICIAL,URBANO,MIXTO,63.183673469387756,63.673469387755105,60.95918367346939,58.97959183673469,64.85714285714286,309.6938775510204
368276000826,COL LA QUINTA DEL PUENTE,68,68276,NO OFICIAL,URBANO,MIXTO,77.125,80.4375,75.875,75.6875,87.8125,390.5
425126800020,COLEGIO SAN JOSÉ - SEDE PRINCIPAL,25,25126,NO OFICIAL,RURAL,MIXTO,65.84,68.84,60.24,61.84,80.84,327.36
376001044036,EDUCACION FORMAL POR CICLOS CETEC NO. 2 - SEDE PRINCIPAL,76,76001,NO OFICIAL,URBANO,MIXTO,53,55,50.5,51,41.5,257.5
376520000143,COLEGIO SAN JOSE DEL AVILA,76,76520,NO OFICIAL,URBANO,FEMENINO,59.2,54.8,54.266666666666666,56.266666666666666,66.06666666666666,284.53333333333336
376520006443,INST NAL DE TECNOLOGIA EMPRESARIAL INTE,76,76520,NO OFICIAL,URBANO,MIXTO,50,46.61904761904762,44.666666666666664,42.142857142857146,47.714285714285715,230.0952380952381
376892015252,LIC CAMPESTRE LA MISION,76,76892,NO OFICIAL,RURAL,MIXTO,58.411764705882355,58.64705882352941,55.05882352941177,53.588235294117645,66.94117647058823,286.11764705882354
311769001781,COL ABRAHAM LINCOLN,11,11001,NO OFICIAL,URBANO,MIXTO,68.83720930232558,72.5,68.95348837209302,69.4186046511628,83.86046511627907,354.9767441860465
311001019568,LIC FRANCES LOUIS PASTEUR,11,11001,NO OFICIAL,URBANO,MIXTO,67.17073170731707,68.97560975609755,63.75609756097561,67.39024390243902,81.70731707317073,339.8292682926829
313001003931,COLEGIO JORGE WASHINGTON - SEDE PRINCIPAL,13,13001,NO OFICIAL,URBANO,MIXTO,68.72093023255815,69.34883720930233,66.30232558139535,66.5813953488372,86.67441860465117,346
376001010417,COLEGIO LOS ANGELES DEL NORTE,76,76001,NO OFICIAL,URBANO,MIXTO,62.53333333333333,61.53333333333333,59.13333333333333,60.3,66.03333333333333,306.5
476001038251,COL CIUDADELA EDUC LA PRESENTACIÓN,76,76001,NO OFICIAL,RURAL,FEMENINO,58.61538461538461,57.65384615384615,56.26923076923077,53.96153846153846,62.07692307692308,285.3076923076923
376001043650,CENTRO EDUCATIVO INSCAT - SEDE PRINCIPAL,76,76001,NO OFICIAL,URBANO,MIXTO,48.083333333333336,44.25,41.875,40.666666666666664,41.416666666666664,217.66666666666666
476001005957,GIMNASIO LOS FARALLONES VALLE DEL LILY,76,76001,NO OFICIAL,URBANO,MIXTO,61.77777777777778,62.22222222222222,60.388888888888886,58.72222222222222,76.22222222222223,309.8333333333333
311848002424,COL SAN CARLOS,11,11001,NO OFICIAL,URBANO,MASCULINO,70.83561643835617,74.9041095890411,69.16438356164383,69.93150684931507,84.4931506849315,361.13698630136986
176520007467,COLEGIO COMERCIAL DE PALMIRA - SEDE PRINCIPAL,76,76520,NO OFICIAL,URBANO,MIXTO,59.34782608695652,57.08695652173913,57.52173913043478,55.26086956521739,63.95652173913044,289
319001000329,COL NUESTRA SEÑORA DE BETHLEM,19,19001,NO OFICIAL,URBANO,FEMENINO,65.5,66.64285714285714,61.857142857142854,62.5,67.71428571428571,321.92857142857144
305001010781,COL MONTESSORI,5,5001,NO OFICIAL,RURAL,MIXTO,64.62903225806451,69.24193548387096,62.12903225806452,59.83870967741935,85.41935483870968,328.01612903225805
311001046743,COLEGIO ANEXO SAN FRANCISCO DE ASIS - SEDE PRINCIPAL,11,11001,NO OFICIAL,URBANO,MIXTO,57.214285714285715,63.785714285714285,55.42857142857143,53.785714285714285,61.214285714285715,289.2142857142857
376001012789,COL TECNICO MARIA ELVINIA,76,76001,NO OFICIAL,URBANO,MIXTO,60.9078947368421,60.46052631578947,59.526315789473685,56.921052631578945,65.11842105263158,299.4342105263158
376001036416,COLEGIO MILITAR ALMIRANTE COLON DE CALI,76,76001,NO OFICIAL,URBANO,MIXTO,55.69444444444444,52.166666666666664,50.416666666666664,49,55.44444444444444,260.47222222222223
311769001846,COL SAN TARSICIO,11,11001,NO OFICIAL,URBANO,MASCULINO,63.18181818181818,68.77272727272727,64.5909090909091,63.72727272727273,78.86363636363636,330.59090909090907
376147000031,LICEO CARTAGO,76,76147,NO OFICIAL,URBANO,MIXTO,62.125,58.125,55.541666666666664,56,66.70833333333333,293.125
376001000390,COLEGIO SAN JOSE - BARRIO CHAMPAGNAT,76,76001,NO OFICIAL,URBANO,FEMENINO,57.6,55.48,53.84,53.28,58.12,276.44
376001012606,ASPAEN LICEO TACURÍ,76,76001,NO OFICIAL,URBANO,FEMENINO,65.72222222222223,67,65.38888888888889,66.33333333333333,82.5,336.8333333333333
376001008633,INCOVAL,76,76001,NO OFICIAL,URBANO,MIXTO,55.88,52.32,49.92,51.24,62.12,265.48
466001006826,SAINT GEORGE SCHOOL - SAN JORGE - SEDE PRINCIPAL,66,66001,NO OFICIAL,URBANO,MIXTO,61.38461538461539,58.23076923076923,57.53846153846154,55.23076923076923,74.76923076923077,296.9230769230769
376001029321,LIC ANGLO DEL VALLE,76,76001,NO OFICIAL,URBANO,MIXTO,60.111111111111114,58.17777777777778,54.84444444444444,55.84444444444444,63.577777777777776,288.64444444444445
319001003727,GIMNACIO LATINO AMERICANO LA CASA DE MICKEY MAUSE,19,19001,NO OFICIAL,URBANO,MIXTO,55.416666666666664,54.5,48.916666666666664,44.666666666666664,60,257.9166666666667
311769003938,COL BILING BUCKINGHAM,11,11001,NO OFICIAL,URBANO,MIXTO,68.25,70.91666666666667,65.33333333333333,67.875,83.25,346.25
417873000587,COLEGIO ASPAEN GIMNASIO HORIZONTES,17,17873,NO OFICIAL,RURAL,MASCULINO,67.2,75.06666666666666,68.2,69.93333333333334,80.06666666666666,354.4
376001030141,COLEGIO EKKLESIA,76,76001,NO OFICIAL,URBANO,MIXTO,66.55555555555556,62.111111111111114,63.111111111111114,61.333333333333336,66.11111111111111,317.55555555555554
376248001151,INSTITUCIÓN EDUCATIVA VIRTUAL ANDINOS - SEDE PRINCIPAL,76,76248,NO OFICIAL,URBANO,MIXTO,59.75,52.75,43,51,51.5,258.25
376001000951,CORPORACIÓN CULTURAL COLEGIO ALEMÁN - SEDE PRICIPAL,76,76001,NO OFICIAL,URBANO,MIXTO,66.5576923076923,67.71153846153847,65.65384615384616,66.28846153846153,79.78846153846153,337.8269230769231
376520005790,INSTITUTO BASIS,76,76520,NO OFICIAL,URBANO,MIXTO,44.7,42.3,42.2,38.7,40.6,209.3
376001002074,CORPORACION COLEGIO AMERICAS UNIDAS,76,76001,NO OFICIAL,URBANO,MIXTO,60.13513513513514,55.2972972972973,55.891891891891895,55.648648648648646,59.2972972972973,284.7567567567568
376111000921,COL SANTA MARIANA DE JESÚS,76,76111,NO OFICIAL,URBANO,MIXTO,58.470588235294116,53.705882352941174,55.794117647058826,52.55882352941177,60.705882352941174,277.8529411764706
376001000314,COLEGIO PARROQIAL SANTIAGO APOSTOL,76,76001,NO OFICIAL,URBANO,MIXTO,56.31132075471698,56.528301886792455,51.867924528301884,51.490566037735846,55.06666666666667,270.5943396226415
308001012805,ASPAEN GIMNASIO LOS CORALES,8,8573,NO OFICIAL,URBANO,MIXTO,64.9090909090909,64.0909090909091,62.18181818181818,61,81.81818181818181,322.45454545454544
376001011936,COLEGIO EL BOSQUE,76,76001,NO OFICIAL,URBANO,MIXTO,57.36363636363637,55.90909090909091,51,47.90909090909091,59.72727272727273,267.8181818181818
376111002673,LIC JUVENIL,76,76111,NO OFICIAL,URBANO,MIXTO,61.375,63.125,62,56.5,74.75,309
311001107513,COLEGIO VICTORIA - SEDE PRINCIPAL,11,11001,NO OFICIAL,URBANO,MIXTO,63.88,66.08,60.52,62.8,81.52,323.6
308573074895,COLEGIO CRISTIANO J. VENDER MURPHY - SEDE PRINCIPAL,8,8573,NO OFICIAL,URBANO,MIXTO,59.36363636363637,59,56.27272727272727,52.81818181818182,75.4090909090909,291.5
425175032674,COL ROCHESTER,25,25175,NO OFICIAL,RURAL,MIXTO,65.55813953488372,67.02325581395348,62.093023255813954,63.325581395348834,82,329.2325581395349
376563000457,INST NUEVA JERUSALEN,76,76563,NO OFICIAL,URBANO,MIXTO,50.96774193548387,48.16129032258065,46.58064516129032,46.67741935483871,50.483870967741936,241.41935483870967
376520000186,LIC LOS ANGELES,76,76520,NO OFICIAL,URBANO,MIXTO,60.666666666666664,58.142857142857146,58.904761904761905,56.23809523809524,62.65,293.7142857142857
311769002818,COL. INTERNACIONAL DE EDUCACIÓN INTEGRAL - CIEDI LTDA - SEDE PRINCIPAL,11,11001,NO OFICIAL,RURAL,MIXTO,67.5,68.85714285714286,65.71428571428571,64.42857142857143,84.60714285714286,340.17857142857144
425175032328,COLEGIO LOS TREBOLES,25,25175,NO OFICIAL,RURAL,MIXTO,61.5,61.5,60.45,59.9,77.45,310.6
376001008501,COLEGIO TECNICO NUEVO SALOMIA,76,76001,NO OFICIAL,URBANO,MIXTO,56,52.6,52.13333333333333,50.333333333333336,56.46666666666667,265.2
376111000271,COL DIOCESANO GIMNASIO CENTRAL DEL VALLE,76,76111,NO OFICIAL,URBANO,MIXTO,63.067796610169495,61.59322033898305,60.86440677966102,59.69491525423729,68.20338983050847,309.1864406779661
313001005748,CORP. EDUC. GIMN. ALTAIR DE C/GENA.,13,13001,NO OFICIAL,URBANO,MIXTO,68.2,69.86666666666666,65.5,64.46666666666667,82.43333333333334,340.9
376001000012,COLEGIO CLARETIANO SANTA DOROTEA,76,76001,NO OFICIAL,URBANO,FEMENINO,60.36206896551724,59.327586206896555,57.206896551724135,52.96551724137931,63.689655172413794,289.7586206896552
376001026968,COLEGIO FREINET,76,76001,NO OFICIAL,URBANO,MIXTO,68.4,69.5,69.96666666666667,67.26666666666667,82.8,349.3333333333333
344430001443,COLEGIO COLOMBO ARABE DAR EL ARKAM,44,44430,NO OFICIAL,URBANO,MIXTO,59.38095238095238,59.523809523809526,57.19047619047619,53.19047619047619,65.55,289.2857142857143
376520001514,LICEO MONTESSORI BILINGUE NACIONAL,76,76520,NO OFICIAL,URBANO,MIXTO,70.42857142857143,70.33333333333333,68.47619047619048,65.76190476190476,82,348.85714285714283
447001004284,COL. BILINGUE SANTA MARTA,47,47001,NO OFICIAL,URBANO,MIXTO,68.42105263157895,66.26315789473684,62.05263157894737,65.05263157894737,82.21052631578948,333.57894736842104
376520006532,INST COLEGIO ISEE,76,76520,NO OFICIAL,URBANO,MIXTO,53.69230769230769,49.15384615384615,46.23076923076923,44.46153846153846,47.38461538461539,241.46153846153845
376001043617,COLEGIO PHILADELPHIA INTERNACIONAL - SEDE PRINCIPAL,76,76001,NO OFICIAL,URBANO,MIXTO,73.5,74.63157894736842,71.26315789473684,68.78947368421052,84.15789473684211,364.89473684210526
376520800085,CORPORACION NACIONAL DE ESTUDIOS - SEDE PRINCIPAL,76,76520,NO OFICIAL,URBANO,MIXTO,48.36666666666667,44.36666666666667,44,43.6,44.5,225.13333333333333
376001800167,INSTITUTO ACADEMICO LA RIVIERA - SEDE PRINCIPAL,76,76001,NO OFICIAL,URBANO,MIXTO,48.2,46.6,44.2,42.2,44,226.2
376001000829,LICEO BENALCAZAR,76,76001,NO OFICIAL,URBANO,FEMENINO,66.65517241379311,69.62068965517241,67,66.06896551724138,81.24137931034483,341.9655172413793
376001003577,SANTA MARIANA DE JESÚS,76,76001,NO OFICIAL,URBANO,FEMENINO,64.56,61.08,58.6,58.16,68.04,305.76
376622000598,COL GIMNASIO NORTE DEL VALLE,76,76622,NO OFICIAL,URBANO,MIXTO,64.76190476190476,67.04761904761905,63.38095238095238,63,70.19047619047619,324.95238095238096
376001008871,COLEGIO MIXTO SAN VICENTE,76,76001,NO OFICIAL,URBANO,MIXTO,56.130434782608695,52.43478260869565,52.52173913043478,50.95652173913044,61.391304347826086,268.2608695652174
368001000516,COL NUEVO CAMBRIDGE,68,68276,NO OFICIAL,URBANO,MIXTO,75.37735849056604,80.49056603773585,75.22641509433963,74.58490566037736,90.0377358490566,387.2830188679245
476520003791,COLEGIO SANTA TERESITA DE ROZO,76,76520,NO OFICIAL,RURAL,MIXTO,47.733333333333334,45.2,46,42.733333333333334,44.8,226.86666666666667
366001006686,LIC TALLER SAN MIGUEL,66,66001,NO OFICIAL,RURAL,MIXTO,62.567567567567565,62.270270270270274,57.513513513513516,58,76.48648648648648,306.8378378378378
376001013203,COLEGIO PARROQUIAL NUESTRA SEÑORA DE GUADALUPE,76,76001,NO OFICIAL,URBANO,MIXTO,57.73076923076923,54.76923076923077,52.01923076923077,52.07692307692308,56.88461538461539,271.84615384615387
376520000089,COL COLOMBIA,76,76520,NO OFICIAL,URBANO,MIXTO,52.54838709677419,47.774193548387096,48.87096774193548,49.03225806451613,52,248.48387096774192
417873000544,ASOCIACION COLEGIO GRANADINO,17,17873,NO OFICIAL,RURAL,MIXTO,64.12903225806451,68.90322580645162,62.54838709677419,62.96774193548387,85.2258064516129,331.0967741935484
319001003280,COL CAMPESTRE AMERICANO - SEDE PRINCIPAL,19,19001,NO OFICIAL,URBANO,MIXTO,64.53333333333333,65.2,62.06666666666667,61.733333333333334,74,321.06666666666666
376001043463,EDUCACIÓN FORMAL POR CICLOS CETEC - SEDE PRINCIPAL.,76,76001,NO OFICIAL,URBANO,MIXTO,54,53,46.5,44.5,55.5,250
376520007151,COL AGUSTINIANO CAMPESTRE,76,76520,NO OFICIAL,URBANO,MIXTO,59.6578947368421,58.8421052631579,55.18421052631579,53.36842105263158,64.44736842105263,286.7631578947368
308001073952,COLEGIO ALTAMIRA,8,8573,NO OFICIAL,URBANO,MIXTO,62.02564102564103,64.17948717948718,60.1025641025641,58.05128205128205,81.41025641025641,313.28205128205127
376001024264,COLEGIO IDEAS,76,76001,NO OFICIAL,URBANO,MIXTO,59.733333333333334,55,56,58.266666666666666,67.3076923076923,288.73333333333335
376001011421,CENTRO EDUCATIVO ETIEVAN -  COLEGIO ENCUENTROS,76,76001,NO OFICIAL,RURAL,MIXTO,62.88235294117647,62.294117647058826,59.23529411764706,55,71.82352941176471,303.8235294117647
311848000812,GIMN FEMENINO,11,11001,NO OFICIAL,URBANO,FEMENINO,68.56862745098039,65.92156862745098,64.27450980392157,64.6078431372549,83.3921568627451,335.921568627451
425175032402,COLEGIO CAMPESTRE SAN DIEGO - SEDE PRINCIPAL,25,25175,NO OFICIAL,URBANO,MIXTO,58.625,54.6875,53.5625,54.8125,73.0625,283.875
376520005781,COLEGIO COMFANDI REGIONAL PALMIRA SEDE PRINCIPAL,76,76520,NO OFICIAL,URBANO,MIXTO,58,55.12,54,54.52,59.6,278.72
376111000263,COL MAYOR CIUDAD DE BUGA,76,76111,NO OFICIAL,URBANO,MIXTO,62.16216216216216,63.83783783783784,58.83783783783784,57.027027027027025,66,304.4864864864865
305001021163,COLEGIO SAGRADO CORAZON MONTEMAYOR - SEDE PRINCIPAL,5,5266,NO OFICIAL,URBANO,MIXTO,60.743589743589745,62.333333333333336,57.84615384615385,56.76923076923077,79.41025641025641,304.84615384615387
376001001639,LICEO FRANCES PAUL VALERY,76,76001,NO OFICIAL,URBANO,MIXTO,67.41463414634147,66.63414634146342,61.853658536585364,65.4390243902439,77.82926829268293,331.4878048780488
308001000882,CORP CULT COL ALEMAN,8,8001,NO OFICIAL,URBANO,MIXTO,68.02272727272727,67.47727272727273,63.45454545454545,63.84090909090909,80.56818181818181,334.25
368276000478,COL PANAMERICANO,68,68276,NO OFICIAL,URBANO,MIXTO,65.83333333333333,70.16666666666667,66.75,66.04166666666667,86.16666666666667,343.1666666666667
376001001337,COLEGIO EL AMPARO,76,76001,NO OFICIAL,URBANO,FEMENINO,55.44,52.88,53.28,51.28,55.04,266.72
376520006770,ACADEMIA COLOMBIANA DE ENSEÑANZA,76,76520,NO OFICIAL,URBANO,MIXTO,45.05,44.9,41.3,39.85,39.95,212.8
311001045160,GIMNASIO LOS PORTALES COLEGIO BILINGÜE,11,11001,NO OFICIAL,URBANO,FEMENINO,67.3061224489796,69.59183673469387,65.04081632653062,65.71428571428571,84,340.9387755102041
376520007211,CENT ESTUDIOS OCUPACIONALES CEO,76,76520,NO OFICIAL,URBANO,MIXTO,51,48.42857142857143,46.714285714285715,48.857142857142854,50.42857142857143,244.42857142857142
317001001896,COL. SAN LUIS GONZAGA,17,17001,NO OFICIAL,URBANO,MIXTO,65.61016949152543,66.84745762711864,63.91525423728814,64.52542372881356,77.11864406779661,330.7118644067797
376364002475,ALAS COLEGIO  - SEDE PRINCIPAL,76,76364,NO OFICIAL,URBANO,MIXTO,56.07142857142857,54.5,53.214285714285715,54,65.07692307692308,275.42857142857144
476001044049,LICEO CAMPESTRE INGLES DEL SUR - SEDE PRINCIPAL,76,76001,NO OFICIAL,URBANO,MIXTO,61.333333333333336,61.833333333333336,59.333333333333336,57.5,72.33333333333333,304.6666666666667
376001041602,CENTRO DE ESTUDIOS PARA LOS SISTEMAS DE INFORMACION CESI - SEDE PRINCIPAL,76,76001,NO OFICIAL,URBANO,MIXTO,48.31111111111111,43.111111111111114,40.55555555555556,41.71111111111111,46.15555555555556,218.13333333333333
376001008498,COLEGIO REYES CATOLICOS,76,76001,NO OFICIAL,URBANO,MIXTO,63.014925373134325,61.776119402985074,59.40298507462686,58.059701492537314,66.97014925373135,305.32835820895525
